name,code,state_id
Pozantı Mal Müd.,1109,ADANA
Çukurova VD.,1255,ADANA
Beşocak VD.,1251,ADANA
Karataş VD.,1205,ADANA
Kozan VD.,1203,ADANA
Ceyhan VD.,1201,ADANA
İmamoğlu Mal Müd.,1115,ADANA
Yumurtalık Mal Müd.,1112,ADANA
Aladağ Mal Müd.,1114,ADANA
Saimbeyli Mal Müd.,1110,ADANA
Karaisalı Mal Müd.,1105,ADANA
Tufanbeyli Mal Müd.,1111,ADANA
Ziyapaşa VD.,1254,ADANA
Seyhan VD.,1253,ADANA
Yüreğir VD.,1252,ADANA
Feke Mal Müd.,1103,ADANA
Adıyaman VD.,2260,ADIYAMAN
Kahta VD.,2261,ADIYAMAN
Samsat Mal Müd.,2106,ADIYAMAN
Sincik Mal Müd.,2107,ADIYAMAN
Tut Mal Müd.,2108,ADIYAMAN
Besni Mal Müd.,2101,ADIYAMAN
Çelikhan Mal Müd.,2102,ADIYAMAN
Gerger Mal Müd.,2103,ADIYAMAN
Gölbaşı Mal Müd.,2104,ADIYAMAN
Tınaztepe VD.,3201,AFYON
Dazkırı Mal Müd.,3103,AFYON
İhsaniye Mal Müd.,3105,AFYON
Sincanlı Mal Müd.,3107,AFYON
Sultandağı Mal Müd.,3108,AFYON
Şuhut Mal Müd.,3109,AFYON
Başmakçı Mal Müd.,3111,AFYON
Bayat Mal Müd.,3112,AFYON
İscehisar Mal Müd.,3113,AFYON
Çobanlar Mal Müd.,3114,AFYON
Evciler Mal Müd.,3115,AFYON
Hocalar Mal Müd.,3116,AFYON
Kızılören Mal Müd.,3117,AFYON
Emirdağ VD.,3262,AFYON
Sandıklı VD.,3263,AFYON
Kocatepe VD.,3280,AFYON
Dinar VD.,3260,AFYON
Çay VD.,3202,AFYON
Bolvadin VD.,3261,AFYON
Tutak Mal Müd.,4107,AĞRI
Taşlıçay Mal Müd.,4106,AĞRI
Diyadin Mal Müd.,4101,AĞRI
Patnos Mal Müd.,4105,AĞRI
Ağrı VD.,4260,AĞRI
Doğubeyazıt VD.,4261,AĞRI
Eleşkirt Mal Müd.,4103,AĞRI
Hamur Mal Müd.,4104,AĞRI
Amasya VD.,5260,AMASYA
Gümüşhacıköy VD.,5262,AMASYA
Taşova VD.,5263,AMASYA
Suluova VD.,5264,AMASYA
Hamamözü Mal Müd.,5106,AMASYA
Göynücek Mal Müd.,5101,AMASYA
Merzifon VD.,5261,AMASYA
Cumhuriyet VD.,6277,ANKARA
Evren Mal Müd.,6127,ANKARA
Akyurt Mal Müd.,6125,ANKARA
Kazan Mal Müd.,6124,ANKARA
Nallıhan Mal Müd.,6117,ANKARA
Kızılcahamam Mal Müd.,6115,ANKARA
Kalecik Mal Müd.,6112,ANKARA
Güdül Mal Müd.,6110,ANKARA
Kavaklıdere VD.,6253,ANKARA
Maltepe VD.,6254,ANKARA
Yenimahalle VD.,6255,ANKARA
Çankaya VD.,6257,ANKARA
Kızılbey VD.,6258,ANKARA
Mithatpaşa VD.,6259,ANKARA
Ulus VD.,6260,ANKARA
Yıldırımbeyazıt VD.,6261,ANKARA
Seğmenler VD.,6262,ANKARA
Ulusite VD.,6263,ANKARA
Dikimevi VD.,6264,ANKARA
Doğanbey VD.,6265,ANKARA
Yeğenbey VD.,6266,ANKARA
Hitit VD.,6268,ANKARA
Yahya Galip VD.,6269,ANKARA
M.Karagüzel VD.,6270,ANKARA
Ostim VD.,6271,ANKARA
Gölbaşı VD.,6272,ANKARA
Sincan VD.,6273,ANKARA
Dışkapı VD.,6274,ANKARA
Etimesgut VD.,6275,ANKARA
Başkent VD.,6276,ANKARA
Keçiören VD.,6278,ANKARA
Çamlıdere Mal Müd.,6106,ANKARA
Bala Mal Müd.,6103,ANKARA
Ayaş Mal Müd.,6102,ANKARA
Veraset Ve Harçlar VD.,6252,ANKARA
Elmadağ VD.,6215,ANKARA
Haymana VD.,6213,ANKARA
Çubuk VD.,6211,ANKARA
Beypazarı VD.,6209,ANKARA
Şereflikoçhisar VD.,6207,ANKARA
Polatlı VD.,6205,ANKARA
Üçkapılar VD.,7251,ANTALYA
Kumluca VD.,7206,ANTALYA
Kemer VD.,7205,ANTALYA
Finike Mal Müd.,7104,ANTALYA
İbradı Mal Müd.,7113,ANTALYA
Demre Mal Müd.,7112,ANTALYA
Korkuteli Mal Müd.,7108,ANTALYA
Kaş Mal Müd.,7107,ANTALYA
Akseki Mal Müd.,7101,ANTALYA
Alanya VD.,7201,ANTALYA
Serik VD.,7202,ANTALYA
Manavgat VD.,7203,ANTALYA
Elmalı VD.,7204,ANTALYA
Gündoğmuş Mal Müd.,7106,ANTALYA
Gazipaşa Mal Müd.,7105,ANTALYA
Antalya Kurumlar VD.,7255,ANTALYA
Düden VD.,7254,ANTALYA
Muratpaşa VD.,7253,ANTALYA
Kalekapı VD.,7252,ANTALYA
Borçka Mal Müd.,8103,ARTVİN
Hopa VD.,8261,ARTVİN
Artvin VD.,8260,ARTVİN
Ardanuç Mal Müd.,8101,ARTVİN
Arhavi Mal Müd.,8102,ARTVİN
Şavşat Mal Müd.,8105,ARTVİN
Yusufeli Mal Müd.,8106,ARTVİN
Murgul Mal Müd.,8107,ARTVİN
Yenipazar Mal Müd.,9111,AYDIN
Kuşadası VD.,9265,AYDIN
Güzelhisar VD.,9280,AYDIN
Didim VD.,9281,AYDIN
Köşk Mal Müd.,9115,AYDIN
Kuyucak Mal Müd.,9107,AYDIN
Bozdoğan Mal Müd.,9101,AYDIN
Sultanhisar Mal Müd.,9110,AYDIN
Karpuzlu Mal Müd.,9114,AYDIN
İncirliova Mal Müd.,9113,AYDIN
Buharkent Mal Müd.,9112,AYDIN
Karacasu Mal Müd.,9104,AYDIN
Koçarlı Mal Müd.,9105,AYDIN
Efeler VD.,9201,AYDIN
Nazilli VD.,9260,AYDIN
Söke VD.,9261,AYDIN
Çine VD.,9262,AYDIN
Germencik VD.,9263,AYDIN
Marmara Mal Müd.,10117,BALIKESİR
Gömeç Mal Müd.,10118,BALIKESİR
Karesi VD.,10201,BALIKESİR
Ayvalık VD.,10260,BALIKESİR
Bandırma VD.,10261,BALIKESİR
Burhaniye VD.,10262,BALIKESİR
Edremit VD.,10263,BALIKESİR
Gönen VD.,10264,BALIKESİR
Susurluk VD.,10265,BALIKESİR
Erdek VD.,10266,BALIKESİR
Bigadiç VD.,10267,BALIKESİR
Sındırgı VD.,10268,BALIKESİR
Dursunbey VD.,10269,BALIKESİR
Kurtdereli VD.,10280,BALIKESİR
Balya Mal Müd.,10102,BALIKESİR
Havran Mal Müd.,10110,BALIKESİR
İvrindi Mal Müd.,10111,BALIKESİR
Kepsut Mal Müd.,10112,BALIKESİR
Manyas Mal Müd.,10113,BALIKESİR
Savaştepe Mal Müd.,10114,BALIKESİR
Gölpazarı Mal Müd.,11102,BİLECİK
Söğüt Mal Müd.,11105,BİLECİK
Yenipazar Mal Müd.,11106,BİLECİK
Pazaryeri Mal Müd.,11104,BİLECİK
İnhisar Mal Müd.,11107,BİLECİK
Osmaneli Mal Müd.,11103,BİLECİK
Bozöyük VD.,11261,BİLECİK
Bilecik VD.,11260,BİLECİK
Solhan Mal Müd.,12104,BİNGÖL
Bingöl VD.,12260,BİNGÖL
Kığı Mal Müd.,12103,BİNGÖL
Karlıova Mal Müd.,12102,BİNGÖL
Genç Mal Müd.,12101,BİNGÖL
Yedisu Mal Müd.,12107,BİNGÖL
Yayladere Mal Müd.,12106,BİNGÖL
Adaklı Mal Müd.,12105,BİNGÖL
Ahlat Mal Müd.,13102,BİTLİS
Hizan Mal Müd.,13103,BİTLİS
Mutki Mal Müd.,13104,BİTLİS
Güroymak Mal Müd.,13106,BİTLİS
Adilcevaz Mal Müd.,13101,BİTLİS
Bitlis VD.,13260,BİTLİS
Tatvan VD.,13261,BİTLİS
Mudurnu Mal Müd.,14107,BOLU
Seben Mal Müd.,14108,BOLU
Dörtdivan Mal Müd.,14113,BOLU
Yeniçağa Mal Müd.,14114,BOLU
Gerede VD.,14262,BOLU
Bolu VD.,14260,BOLU
Göynük Mal Müd.,14104,BOLU
Kıbrıscık Mal Müd.,14105,BOLU
Mengen Mal Müd.,14106,BOLU
Kemer Mal Müd.,15107,BURDUR
Ağlasun Mal Müd.,15101,BURDUR
Gölhisar Mal Müd.,15103,BURDUR
Tefenni Mal Müd.,15104,BURDUR
Yeşilova Mal Müd.,15105,BURDUR
Karamanlı Mal Müd.,15106,BURDUR
Burdur VD.,15260,BURDUR
Bucak VD.,15261,BURDUR
Altınyayla Mal Müd.,15108,BURDUR
Çavdır Mal Müd.,15109,BURDUR
Çeltikçi Mal Müd.,15110,BURDUR
Karacabey VD.,16203,BURSA
M.Kemalpaşa VD.,16204,BURSA
Mudanya VD.,16205,BURSA
Orhangazi VD.,16206,BURSA
İznik VD.,16207,BURSA
Yenişehir VD.,16208,BURSA
Osmangazi VD.,16251,BURSA
Yıldırım VD.,16252,BURSA
Çekirge VD.,16253,BURSA
Setbaşı VD.,16254,BURSA
Uludağ VD.,16255,BURSA
Yeşil VD.,16256,BURSA
Nilüfer VD.,16257,BURSA
Ertuğrulgazi VD.,16258,BURSA
Gökdere VD.,16259,BURSA
Keles Mal Müd.,16105,BURSA
Büyükorhan Mal Müd.,16112,BURSA
Orhaneli Mal Müd.,16108,BURSA
Harmancık Mal Müd.,16111,BURSA
Gemlik VD.,16201,BURSA
İnegöl VD.,16202,BURSA
Lapseki Mal Müd.,17110,ÇANAKKALE
Gökçeada Mal Müd.,17109,ÇANAKKALE
Ezine Mal Müd.,17107,ÇANAKKALE
Eceabat Mal Müd.,17106,ÇANAKKALE
Bozcaada Mal Müd.,17104,ÇANAKKALE
Bayramiç Mal Müd.,17102,ÇANAKKALE
Çanakkale VD.,17260,ÇANAKKALE
Biga VD.,17261,ÇANAKKALE
Çan VD.,17262,ÇANAKKALE
Gelibolu VD.,17263,ÇANAKKALE
Ayvacık Mal Müd.,17101,ÇANAKKALE
Yenice Mal Müd.,17111,ÇANAKKALE
Korgun Mal Müd.,18113,ÇANKIRI
Çankırı VD.,18260,ÇANKIRI
Çerkeş Mal Müd.,18101,ÇANKIRI
Eldivan Mal Müd.,18102,ÇANKIRI
Ilgaz Mal Müd.,18104,ÇANKIRI
Kurşunlu Mal Müd.,18105,ÇANKIRI
Orta Mal Müd.,18106,ÇANKIRI
Şabanözü Mal Müd.,18108,ÇANKIRI
Yapraklı Mal Müd.,18109,ÇANKIRI
Atkaracalar Mal Müd.,18110,ÇANKIRI
Kızılırmak Mal Müd.,18111,ÇANKIRI
Bayramören Mal Müd.,18112,ÇANKIRI
Laçin Mal Müd.,19113,ÇORUM
Oğuzlar Mal Müd.,19112,ÇORUM
Dodurga Mal Müd.,19111,ÇORUM
Uğurludağ Mal Müd.,19110,ÇORUM
Boğazkale Mal Müd.,19109,ÇORUM
Osmancık Mal Müd.,19107,ÇORUM
Ortaköy Mal Müd.,19106,ÇORUM
Kargı Mal Müd.,19104,ÇORUM
Alaca Mal Müd.,19101,ÇORUM
Bayat Mal Müd.,19102,ÇORUM
İskilip Mal Müd.,19103,ÇORUM
Çorum VD.,19260,ÇORUM
Mecitözü Mal Müd.,19105,ÇORUM
Sungurlu VD.,19261,ÇORUM
Bozkurt Mal Müd.,20118,DENİZLİ
Beyağaç Mal Müd.,20117,DENİZLİ
Baklan Mal Müd.,20116,DENİZLİ
Pamukkale VD.,20280,DENİZLİ
Çivril VD.,20265,DENİZLİ
Çal VD.,20264,DENİZLİ
Buldan VD.,20263,DENİZLİ
Tavas VD.,20262,DENİZLİ
Acıpayam VD.,20261,DENİZLİ
Akköy Mal Müd.,20115,DENİZLİ
Serinhisar Mal Müd.,20114,DENİZLİ
Honaz Mal Müd.,20113,DENİZLİ
Bekilli Mal Müd.,20112,DENİZLİ
Babadağ Mal Müd.,20111,DENİZLİ
Saraylar VD.,20201,DENİZLİ
Çınar VD.,20202,DENİZLİ
Gökpınar VD.,20203,DENİZLİ
Kale Mal Müd.,20108,DENİZLİ
Güney Mal Müd.,20107,DENİZLİ
Sarayköy VD.,20260,DENİZLİ
Çardak Mal Müd.,20105,DENİZLİ
Çameli Mal Müd.,20104,DENİZLİ
Hani Mal Müd.,21107,DİYARBAKIR
C.Sıtkı Tarancı VD.,21282,DİYARBAKIR
Süleymannazif VD.,21281,DİYARBAKIR
Gökalp VD.,21251,DİYARBAKIR
Bismil Mal Müd.,21101,DİYARBAKIR
Çermik Mal Müd.,21102,DİYARBAKIR
Çınar Mal Müd.,21103,DİYARBAKIR
Çüngüş Mal Müd.,21104,DİYARBAKIR
Dicle Mal Müd.,21105,DİYARBAKIR
Ergani Mal Müd.,21106,DİYARBAKIR
Hazro Mal Müd.,21108,DİYARBAKIR
Kulp Mal Müd.,21109,DİYARBAKIR
Lice Mal Müd.,21110,DİYARBAKIR
Silvan Mal Müd.,21111,DİYARBAKIR
Eğil Mal Müd.,21112,DİYARBAKIR
Kocaköy Mal Müd.,21113,DİYARBAKIR
Keşan VD.,22261,EDİRNE
Uzunköprü VD.,22262,EDİRNE
Havsa VD.,22263,EDİRNE
İpsala VD.,22264,EDİRNE
Lalapaşa Mal Müd.,22105,EDİRNE
Meriç Mal Müd.,22106,EDİRNE
Süloğlu Mal Müd.,22108,EDİRNE
Enez Mal Müd.,22101,EDİRNE
Arda VD.,22201,EDİRNE
Kırkpınar VD.,22260,EDİRNE
Alacakaya Mal Müd.,23110,ELAZIĞ
Palu Mal Müd.,23106,ELAZIĞ
Sivrice Mal Müd.,23107,ELAZIĞ
Maden Mal Müd.,23105,ELAZIĞ
Keban Mal Müd.,23104,ELAZIĞ
Karakoçan Mal Müd.,23103,ELAZIĞ
Baskil Mal Müd.,23102,ELAZIĞ
Ağın Mal Müd.,23101,ELAZIĞ
Harput VD.,23201,ELAZIĞ
Hazar VD.,23280,ELAZIĞ
Arıcak Mal Müd.,23108,ELAZIĞ
Kovancılar Mal Müd.,23109,ELAZIĞ
İliç Mal Müd.,24102,ERZİNCAN
Çayırlı Mal Müd.,24101,ERZİNCAN
Kemah Mal Müd.,24103,ERZİNCAN
Kemaliye Mal Müd.,24104,ERZİNCAN
Refahiye Mal Müd.,24105,ERZİNCAN
Tercan Mal Müd.,24106,ERZİNCAN
Fevzipaşa VD.,24260,ERZİNCAN
Otlukbeli Mal Müd.,24108,ERZİNCAN
Üzümlü Mal Müd.,24107,ERZİNCAN
Kazımkarabekir VD.,25280,ERZURUM
Ilıca Mal Müd.,25117,ERZURUM
Aşkale Mal Müd.,25101,ERZURUM
Çat Mal Müd.,25102,ERZURUM
Hınıs Mal Müd.,25103,ERZURUM
Horasan Mal Müd.,25104,ERZURUM
İspir Mal Müd.,25105,ERZURUM
Karayazı Mal Müd.,25106,ERZURUM
Pazaryolu Mal Müd.,25116,ERZURUM
Narman Mal Müd.,25107,ERZURUM
Olur Mal Müd.,25109,ERZURUM
Pasinler Mal Müd.,25110,ERZURUM
Şenkaya Mal Müd.,25111,ERZURUM
Tekman Mal Müd.,25112,ERZURUM
Tortum Mal Müd.,25113,ERZURUM
Karaçoban Mal Müd.,25114,ERZURUM
Uzundere Mal Müd.,25115,ERZURUM
Oltu Mal Müd.,25108,ERZURUM
Köprüköy Mal Müd.,25118,ERZURUM
Aziziye VD.,25251,ERZURUM
Sarıcakaya Mal Müd.,26104,ESKİŞEHİR
Taşbaşı VD.,26255,ESKİŞEHİR
Battalgazi VD.,26254,ESKİŞEHİR
2 Eylül VD.,26253,ESKİŞEHİR
Yunusemre VD.,26252,ESKİŞEHİR
Sivrihisar VD.,26202,ESKİŞEHİR
Çifteler VD.,26201,ESKİŞEHİR
Mihalgazi Mal Müd.,26112,ESKİŞEHİR
Han Mal Müd.,26111,ESKİŞEHİR
Günyüzü Mal Müd.,26110,ESKİŞEHİR
İnönü Mal Müd.,26109,ESKİŞEHİR
Beylikova Mal Müd.,26108,ESKİŞEHİR
Alpu Mal Müd.,26107,ESKİŞEHİR
Seyitgazi Mal Müd.,26105,ESKİŞEHİR
Mihalıççık Mal Müd.,26103,ESKİŞEHİR
Mahmudiye Mal Müd.,26102,ESKİŞEHİR
Nizip VD.,27202,GAZİANTEP
Nurdağı Mal Müd.,27108,GAZİANTEP
Karkamış Mal Müd.,27107,GAZİANTEP
Yavuzeli Mal Müd.,27106,GAZİANTEP
Oğuzeli Mal Müd.,27105,GAZİANTEP
Araban Mal Müd.,27101,GAZİANTEP
Kozanlı VD.,27255,GAZİANTEP
Gazikent VD.,27254,GAZİANTEP
Şahinbey VD.,27253,GAZİANTEP
Şehitkamil VD.,27252,GAZİANTEP
Suburcu VD.,27251,GAZİANTEP
İslahiye VD.,27203,GAZİANTEP
Şebinkarahisar Mal Müd.,28108,GİRESUN
Tirebolu Mal Müd.,28109,GİRESUN
Piraziz Mal Müd.,28110,GİRESUN
Yağlıdere Mal Müd.,28111,GİRESUN
Çanakçı Mal Müd.,28112,GİRESUN
Güce Mal Müd.,28113,GİRESUN
Çamoluk Mal Müd.,28114,GİRESUN
Doğankent Mal Müd.,28115,GİRESUN
Giresun VD.,28260,GİRESUN
Bulancak VD.,28261,GİRESUN
Alucra Mal Müd.,28101,GİRESUN
Dereli Mal Müd.,28103,GİRESUN
Espiye Mal Müd.,28104,GİRESUN
Eynesil Mal Müd.,28105,GİRESUN
Görele Mal Müd.,28106,GİRESUN
Keşap Mal Müd.,28107,GİRESUN
Gümüşhane VD.,29260,GÜMÜŞHANE
Kelkit Mal Müd.,29102,GÜMÜŞHANE
Şiran Mal Müd.,29103,GÜMÜŞHANE
Torul Mal Müd.,29104,GÜMÜŞHANE
Köse Mal Müd.,29107,GÜMÜŞHANE
Kürtün Mal Müd.,29108,GÜMÜŞHANE
Yüksekova Mal Müd.,30105,HAKKARİ
Hakkari VD.,30260,HAKKARİ
Çukurca Mal Müd.,30102,HAKKARİ
Şemdinli Mal Müd.,30103,HAKKARİ
Akdeniz VD.,31281,HATAY
Belen Mal Müd.,31110,HATAY
Erzin Mal Müd.,31109,HATAY
Yayladağ Mal Müd.,31108,HATAY
Hassa Mal Müd.,31103,HATAY
Altınözü Mal Müd.,31101,HATAY
Antakya VD.,31203,HATAY
Sahil VD.,31202,HATAY
23 Temmuz VD.,31201,HATAY
Asım Gündüz VD.,31290,HATAY
Dörtyol VD.,31260,HATAY
Kırıkhan VD.,31261,HATAY
Reyhanlı VD.,31262,HATAY
Samandağ VD.,31263,HATAY
Şükrükanatlı VD.,31280,HATAY
Kumlu Mal Müd.,31111,HATAY
Şarkikaraağaç Mal Müd.,32107,ISPARTA
Uluborlu Mal Müd.,32108,ISPARTA
Aksu Mal Müd.,32110,ISPARTA
Gönen Mal Müd.,32111,ISPARTA
Yenişarbademli Mal Müd.,32112,ISPARTA
Yalvaç VD.,32262,ISPARTA
Eğirdir VD.,32261,ISPARTA
Kaymakkapı VD.,32260,ISPARTA
Davraz VD.,32201,ISPARTA
Gelendost Mal Müd.,32103,ISPARTA
Sütçüler Mal Müd.,32106,ISPARTA
Senirkent Mal Müd.,32105,ISPARTA
Keçiborlu Mal Müd.,32104,ISPARTA
Atabey Mal Müd.,32101,ISPARTA
Anamur VD.,33203,MERSİN
Gülnar Mal Müd.,33103,MERSİN
Mut Mal Müd.,33104,MERSİN
Aydıncık Mal Müd.,33107,MERSİN
Bozyazı Mal Müd.,33108,MERSİN
Çamlıyayla Mal Müd.,33109,MERSİN
Toros VD.,33255,MERSİN
Liman VD.,33254,MERSİN
Uray VD.,33252,MERSİN
İstiklal VD.,33250,MERSİN
Şehitkerim VD.,33205,MERSİN
Kızılmurat VD.,33204,MERSİN
Silifke VD.,33202,MERSİN
Erdemli VD.,33201,MERSİN
Göztepe VD.,34270,İSTANBUL
Gaziosmanpaşa VD.,34269,İSTANBUL
Galata VD.,34268,İSTANBUL
Nuruosmaniye VD.,34267,İSTANBUL
Beyoğlu VD.,34266,İSTANBUL
Beyazıt VD.,34265,İSTANBUL
Bayrampaşa VD.,34264,İSTANBUL
Pendik VD.,34263,İSTANBUL
Küçükyalı VD.,34262,İSTANBUL
Güneşli VD.,34261,İSTANBUL
Kocasinan VD.,34260,İSTANBUL
Güngören VD.,34259,İSTANBUL
Rıhtım Ver.Harçlar VD.,34258,İSTANBUL
Tuna VD.,34257,İSTANBUL
Hisar Ver. Harçlar VD.,34256,İSTANBUL
Erenköy VD.,34255,İSTANBUL
Gayrettepe VD.,34254,İSTANBUL
Yeditepe VD.,34253,İSTANBUL
Ümraniye VD.,34252,İSTANBUL
Beşiktaş VD.,34251,İSTANBUL
Çapa VD.,34250,İSTANBUL
İkitelli VD.,34249,İSTANBUL
Zincirlikuyu VD.,34248,İSTANBUL
Maslak VD.,34247,İSTANBUL
Kozyatağı VD.,34246,İSTANBUL
Tuzla VD.,34245,İSTANBUL
Anadolu Kurumlar VD.,34244,İSTANBUL
Süleymaniye VD.,34243,İSTANBUL
Sultanbeyli VD.,34242,İSTANBUL
Rami VD.,34241,İSTANBUL
Mevlanakapı VD.,34240,İSTANBUL
Merter VD.,34239,İSTANBUL
Laleli VD.,34238,İSTANBUL
Küçükköy VD.,34237,İSTANBUL
Fatih VD.,34236,İSTANBUL
Esenler VD.,34235,İSTANBUL
Davutpaşa VD.,34234,İSTANBUL
Ulaştırma VD.,34233,İSTANBUL
Marmara Kurumlar VD.,34232,İSTANBUL
Boğaziçi Kurumlar VD.,34231,İSTANBUL
Çatalca VD.,34206,İSTANBUL
Şile VD.,34205,İSTANBUL
Büyükçekmece VD.,34204,İSTANBUL
Silivri VD.,34203,İSTANBUL
Atışalanı VD.,34291,İSTANBUL
Yakacık VD.,34292,İSTANBUL
Yeni Bosna VD.,34293,İSTANBUL
Avcılar VD.,34294,İSTANBUL
Adalar VD.,34295,İSTANBUL
Küçükçekmece VD.,34296,İSTANBUL
Kağıthane VD.,34279,İSTANBUL
Beylikdüzü VD.,34297,İSTANBUL
Büyük Mükellefler VD.,34230,İSTANBUL
Zeytinburnu VD.,34280,İSTANBUL
Beykoz VD.,34281,İSTANBUL
Sarıyer VD.,34283,İSTANBUL
Bakırköy VD.,34284,İSTANBUL
Kartal VD.,34285,İSTANBUL
Sultanahmet VD.,34286,İSTANBUL
Nakil Vasıtaları VD.,34287,İSTANBUL
Sarıgazi VD.,34288,İSTANBUL
Dış Ticaret VD.,34289,İSTANBUL
Halkalı VD.,34278,İSTANBUL
Üsküdar VD.,34277,İSTANBUL
Şişli VD.,34276,İSTANBUL
Mercan VD.,34275,İSTANBUL
Mecidiyeköy VD.,34274,İSTANBUL
Kocamustafapaşa VD.,34273,İSTANBUL
Kadıköy VD.,34272,İSTANBUL
Hocapaşa VD.,34271,İSTANBUL
Menemen VD.,35203,İZMİR
Bayındır VD.,35201,İZMİR
Bergama VD.,35202,İZMİR
Ödemiş VD.,35204,İZMİR
Tire VD.,35205,İZMİR
Torbalı VD.,35206,İZMİR
Kemalpaşa VD.,35207,İZMİR
Urla VD.,35208,İZMİR
Selçuk VD.,35209,İZMİR
Kınık VD.,35210,İZMİR
Kiraz VD.,35211,İZMİR
Çeşme VD.,35212,İZMİR
Aliağa VD.,35213,İZMİR
Menderes VD.,35215,İZMİR
9 Eylül VD.,35251,İZMİR
Yamanlar VD.,35252,İZMİR
Belkahve VD.,35254,İZMİR
Basmane VD.,35255,İZMİR
Karşıyaka VD.,35256,İZMİR
Kemeraltı VD.,35257,İZMİR
Konak VD.,35258,İZMİR
Kordon VD.,35259,İZMİR
Şirinyer VD.,35260,İZMİR
Kadifekale VD.,35261,İZMİR
Taşıtlar VD.,35262,İZMİR
Hasan Tahsin VD.,35263,İZMİR
Bornova VD.,35264,İZMİR
Çakabey VD.,35265,İZMİR
Balçova VD.,35266,İZMİR
Gaziemir VD.,35267,İZMİR
Ege VD.,35268,İZMİR
Çiğli VD.,35269,İZMİR
Dikili Mal Müd.,35105,İZMİR
Foça Mal Müd.,35106,İZMİR
Karaburun Mal Müd.,35107,İZMİR
Seferihisar Mal Müd.,35114,İZMİR
Beydağ Mal Müd.,35120,İZMİR
Akyaka Mal Müd.,36115,KARS
Kağızman Mal Müd.,36109,KARS
Kars VD.,36260,KARS
Digor Mal Müd.,36105,KARS
Arpaçay Mal Müd.,36103,KARS
Sarıkamış Mal Müd.,36111,KARS
Selim Mal Müd.,36112,KARS
Susuz Mal Müd.,36113,KARS
Azdavay Mal Müd.,37102,KASTAMONU
Tosya VD.,37261,KASTAMONU
Taşköprü VD.,37262,KASTAMONU
Kastamonu VD.,37260,KASTAMONU
Seydiler Mal Müd.,37119,KASTAMONU
Hanönü Mal Müd.,37118,KASTAMONU
Doğanyurt Mal Müd.,37117,KASTAMONU
Ağlı Mal Müd.,37116,KASTAMONU
Şenpazar Mal Müd.,37115,KASTAMONU
Pınarbaşı Mal Müd.,37114,KASTAMONU
İhsangazi Mal Müd.,37113,KASTAMONU
Abana Mal Müd.,37112,KASTAMONU
Küre Mal Müd.,37109,KASTAMONU
İnebolu Mal Müd.,37108,KASTAMONU
Devrekani Mal Müd.,37107,KASTAMONU
Daday Mal Müd.,37106,KASTAMONU
Çatalzeytin Mal Müd.,37105,KASTAMONU
Cide Mal Müd.,37104,KASTAMONU
Bozkurt Mal Müd.,37103,KASTAMONU
Araç Mal Müd.,37101,KASTAMONU
Mimarsinan VD.,38251,KAYSERİ
Gevher Nesibe VD.,38254,KAYSERİ
Kaleönü VD.,38253,KAYSERİ
Özvatan Mal Müd.,38114,KAYSERİ
Hacılar Mal Müd.,38113,KAYSERİ
Akkışla Mal Müd.,38111,KAYSERİ
Yeşilhisar Mal Müd.,38110,KAYSERİ
Yahyalı Mal Müd.,38109,KAYSERİ
Tomarza Mal Müd.,38108,KAYSERİ
Sarız Mal Müd.,38107,KAYSERİ
Sarıoğlan Mal Müd.,38106,KAYSERİ
İncesu Mal Müd.,38104,KAYSERİ
Felahiye Mal Müd.,38103,KAYSERİ
Develi VD.,38201,KAYSERİ
Erciyes VD.,38252,KAYSERİ
Pınarbaşı VD.,38202,KAYSERİ
Bünyan VD.,38203,KAYSERİ
Vize Mal Müd.,39107,KIRKLARELİ
Pınarhisar Mal Müd.,39106,KIRKLARELİ
Pehlivanköy Mal Müd.,39105,KIRKLARELİ
Kofcaz Mal Müd.,39103,KIRKLARELİ
Demirköy Mal Müd.,39102,KIRKLARELİ
Kırklareli VD.,39260,KIRKLARELİ
Lüleburgaz VD.,39261,KIRKLARELİ
Babaeski VD.,39262,KIRKLARELİ
Akpınar Mal Müd.,40104,KIRŞEHİR
Akçakent Mal Müd.,40105,KIRŞEHİR
Boztepe Mal Müd.,40106,KIRŞEHİR
Kırşehir VD.,40260,KIRŞEHİR
Kaman VD.,40261,KIRŞEHİR
Çiçekdağı Mal Müd.,40101,KIRŞEHİR
Mucur Mal Müd.,40103,KIRŞEHİR
Körfez VD.,41206,KOCAELİ
Ulubey Mal Müd.,64104,KOCAELİ
Karahallı Mal Müd.,64103,KOCAELİ
Acısu  VD.,41290,KOCAELİ
Uluçınar VD.,41202,KOCAELİ
İlyasbey VD.,41203,KOCAELİ
Gölcük VD.,41204,KOCAELİ
Karamürsel VD.,41205,KOCAELİ
Kandıra Mal Müd.,41103,KOCAELİ
Derince VD.,41207,KOCAELİ
Tepecik VD.,41252,KOCAELİ
Alemdar  VD.,41253,KOCAELİ
Derebucak Mal Müd.,42121,KONYA
Alaaddin VD.,42254,KONYA
Meram VD.,42253,KONYA
Mevlana VD.,42252,KONYA
Selçuk VD.,42251,KONYA
Kulu VD.,42209,KONYA
Ilgın VD.,42208,KONYA
Seydişehir VD.,42207,KONYA
Çumra VD.,42206,KONYA
Cihanbeyli VD.,42205,KONYA
Beyşehir VD.,42204,KONYA
Ereğli VD.,42202,KONYA
Akşehir VD.,42201,KONYA
Bozkır Mal Müd.,42103,KONYA
Doğanhisar Mal Müd.,42106,KONYA
Hadim Mal Müd.,42109,KONYA
Kadınhanı Mal Müd.,42111,KONYA
Karapınar Mal Müd.,42113,KONYA
Sarayönü Mal Müd.,42115,KONYA
Yunak Mal Müd.,42117,KONYA
Akören Mal Müd.,42118,KONYA
Altınekin Mal Müd.,42119,KONYA
Hüyük Mal Müd.,42122,KONYA
Taşkent Mal Müd.,42123,KONYA
Ahırlı Mal Müd.,42124,KONYA
Çeltik Mal Müd.,42125,KONYA
Derbent Mal Müd.,42126,KONYA
Emirgazi Mal Müd.,42127,KONYA
Güneysınır Mal Müd.,42128,KONYA
Halkapınar Mal Müd.,42129,KONYA
Tuzlukcu Mal Müd.,42130,KONYA
Yalıhüyük Mal Müd.,42131,KONYA
Domaniç Mal Müd.,43102,KÜTAHYA
Pazarlar Mal Müd.,43112,KÜTAHYA
Çavdarhisan Mal Müd.,43111,KÜTAHYA
Şaphane Mal Müd.,43110,KÜTAHYA
Hisarcık Mal Müd.,43109,KÜTAHYA
Dumlupınar Mal Müd.,43108,KÜTAHYA
Aslanapa Mal Müd.,43107,KÜTAHYA
Çinili VD.,43280,KÜTAHYA
Emet VD.,43263,KÜTAHYA
Tavşanlı VD.,43262,KÜTAHYA
Simav VD.,43261,KÜTAHYA
Gediz VD.,43260,KÜTAHYA
30 Ağustos VD.,43201,KÜTAHYA
Altıntaş Mal Müd.,43101,KÜTAHYA
Kuluncak Mal Müd.,44112,MALATYA
Yazıhan Mal Müd.,44113,MALATYA
Arguvan Mal Müd.,44103,MALATYA
Arapkir Mal Müd.,44102,MALATYA
Akçadağ Mal Müd.,44101,MALATYA
Yeşilyurt Mal Müd.,44108,MALATYA
Darende Mal Müd.,44104,MALATYA
Beydağı VD.,44252,MALATYA
Hekimhan Mal Müd.,44106,MALATYA
Pötürge Mal Müd.,44107,MALATYA
Fırat VD.,44251,MALATYA
Doğanşehir Mal Müd.,44105,MALATYA
Battalgazi Mal Müd.,44109,MALATYA
Doğanyol Mal Müd.,44110,MALATYA
Kale Mal Müd.,44111,MALATYA
Turgutlu VD.,45209,MANİSA
Soma VD.,45208,MANİSA
Saruhanlı VD.,45207,MANİSA
Sarıgöl VD.,45206,MANİSA
Salihli VD.,45205,MANİSA
Kırkağaç VD.,45204,MANİSA
Demirci VD.,45203,MANİSA
Alaşehir VD.,45202,MANİSA
Akhisar VD.,45201,MANİSA
Gölmarmara Mal Müd.,45114,MANİSA
Ahmetli Mal Müd.,45113,MANİSA
Köprübaşı Mal Müd.,45115,MANİSA
Selendi Mal Müd.,45110,MANİSA
Mesir VD.,45252,MANİSA
Alaybey VD.,45251,MANİSA
Kula VD.,45211,MANİSA
Gördes VD.,45210,MANİSA
Çağayancerit Mal Müd.,46107,KAHRAMANMARAŞ
Afşin VD.,46261,KAHRAMANMARAŞ
Aslanbey VD.,46201,KAHRAMANMARAŞ
Göksun Mal Müd.,46104,KAHRAMANMARAŞ
Türkoğlu Mal Müd.,46106,KAHRAMANMARAŞ
Aksu VD.,46280,KAHRAMANMARAŞ
Pazarcık VD.,46262,KAHRAMANMARAŞ
Elbistan VD.,46260,KAHRAMANMARAŞ
Andırın Mal Müd.,46102,KAHRAMANMARAŞ
Nurhak Mal Müd.,46109,KAHRAMANMARAŞ
Ekinözü Mal Müd.,46108,KAHRAMANMARAŞ
Dargeçit Mal Müd.,47112,MARDİN
Mazıdağı Mal Müd.,47106,MARDİN
Derik Mal Müd.,47102,MARDİN
Yeşilli Mal Müd.,47113,MARDİN
Savur Mal Müd.,47110,MARDİN
Ömerli Mal Müd.,47109,MARDİN
Midyat Mal Müd.,47107,MARDİN
Mardin VD.,47260,MARDİN
Kızıltepe VD.,47261,MARDİN
Nusaybin VD.,47262,MARDİN
Dalaman Mal Müd.,48109,MUĞLA
Datça Mal Müd.,48102,MUĞLA
Milas VD.,48264,MUĞLA
Marmaris VD.,48265,MUĞLA
Yatağan VD.,48266,MUĞLA
Kavaklıdere Mal Müd.,48111,MUĞLA
Muğla VD.,48260,MUĞLA
Ortaca Mal Müd.,48110,MUĞLA
Bodrum VD.,48261,MUĞLA
Fethiye VD.,48262,MUĞLA
Köyceğiz VD.,48263,MUĞLA
Ula Mal Müd.,48108,MUĞLA
Varto Mal Müd.,49103,MUŞ
Bulanık Mal Müd.,49101,MUŞ
Malazgirt Mal Müd.,49102,MUŞ
Hasköy Mal Müd.,49104,MUŞ
Korkut Mal Müd.,49105,MUŞ
Muş VD.,49260,MUŞ
Kozaklı Mal Müd.,50105,NEVŞEHİR
Ürgüp Mal Müd.,50106,NEVŞEHİR
Acıgöl Mal Müd.,50107,NEVŞEHİR
Avanos Mal Müd.,50101,NEVŞEHİR
Nevşehir VD.,50260,NEVŞEHİR
Derinkuyu Mal Müd.,50102,NEVŞEHİR
Gülşehir Mal Müd.,50103,NEVŞEHİR
Hacıbektaş Mal Müd.,50104,NEVŞEHİR
Altunhisar Mal Müd.,51106,NİĞDE
Çiftlik Mal Müd.,51107,NİĞDE
Niğde VD.,51260,NİĞDE
Bor VD.,51262,NİĞDE
Çamardı Mal Müd.,51103,NİĞDE
Ulukışla Mal Müd.,51105,NİĞDE
İkizce Mal Müd.,52116,ORDU
Kabadüz Mal Müd.,52117,ORDU
Kabataş Mal Müd.,52118,ORDU
Boztepe VD.,52201,ORDU
Çatalpınar Mal Müd.,52114,ORDU
Çamaş Mal Müd.,52113,ORDU
Gürgentepe Mal Müd.,52112,ORDU
Gülyalı Mal Müd.,52111,ORDU
Ulubey Mal Müd.,52109,ORDU
Ünye VD.,52262,ORDU
Fatsa VD.,52261,ORDU
Köprübaşı VD.,52260,ORDU
Perşembe Mal Müd.,52108,ORDU
Mesudiye Mal Müd.,52107,ORDU
Kumru Mal Müd.,52106,ORDU
Korgan Mal Müd.,52105,ORDU
Gölköy Mal Müd.,52104,ORDU
Aybastı Mal Müd.,52102,ORDU
Akkuş Mal Müd.,52101,ORDU
Çaybaşı Mal Müd.,52115,ORDU
Ardeşen VD.,53263,RİZE
İkizdere Mal Müd.,53105,RİZE
İyidere Mal Müd.,53111,RİZE
Hemşin Mal Müd.,53110,RİZE
Derepazarı Mal Müd.,53109,RİZE
Güneysu Mal Müd.,53108,RİZE
Pazar VD.,53262,RİZE
Çayeli VD.,53261,RİZE
Yeşilçay VD.,53260,RİZE
Kaçkar VD.,53201,RİZE
Kalkandere Mal Müd.,53106,RİZE
Fındıklı Mal Müd.,53104,RİZE
Çamlıhemşin Mal Müd.,53102,RİZE
Sapanca Mal Müd.,54106,SAKARYA
Ali Fuat Cebesoy VD.,54252,SAKARYA
Pamukova Mal Müd.,54108,SAKARYA
Taraklı Mal Müd.,54109,SAKARYA
Gümrükönü VD.,54251,SAKARYA
Karasu VD.,54204,SAKARYA
Hendek VD.,54203,SAKARYA
Geyve VD.,54202,SAKARYA
Akyazı VD.,54201,SAKARYA
Karapürçek Mal Müd.,54111,SAKARYA
Kocaali Mal Müd.,54107,SAKARYA
Kaynarca Mal Müd.,54105,SAKARYA
Zafer VD.,55290,SAMSUN
Gaziler VD.,55252,SAMSUN
19 Mayıs VD.,55251,SAMSUN
Havza VD.,55205,SAMSUN
Terme VD.,55204,SAMSUN
Çarşamba VD.,55203,SAMSUN
Bafra VD.,55202,SAMSUN
Alaçam Mal Müd.,55101,SAMSUN
Kavak Mal Müd.,55105,SAMSUN
Ladik Mal Müd.,55106,SAMSUN
Vezirköprü Mal Müd.,55108,SAMSUN
Asarcık Mal Müd.,55109,SAMSUN
19 Mayıs Mal Müd.,55110,SAMSUN
Salıpazarı Mal Müd.,55111,SAMSUN
Tekkeköy Mal Müd.,55112,SAMSUN
Ayvacık Mal Müd.,55113,SAMSUN
Yakakent Mal Müd.,55114,SAMSUN
Pervari Mal Müd.,56107,SİİRT
Kurtalan Mal Müd.,56106,SİİRT
Eruh Mal Müd.,56104,SİİRT
Baykan Mal Müd.,56102,SİİRT
Siirt VD.,56260,SİİRT
Şirvan Mal Müd.,56110,SİİRT
Saraydüzü Mal Müd.,57108,SİNOP
Erfelek Mal Müd.,57104,SİNOP
Boyabat VD.,57261,SİNOP
Sinop VD.,57260,SİNOP
Durağan Mal Müd.,57103,SİNOP
Ayancık Mal Müd.,57101,SİNOP
Gerze Mal Müd.,57105,SİNOP
Türkeli Mal Müd.,57106,SİNOP
Dikmen,57107,SİNOP
Gemerek Mal Müd.,58102,SİVAS
Suşehri Mal Müd.,58109,SİVAS
Site VD.,58280,SİVAS
Şarkışla VD.,58260,SİVAS
Kale VD.,58201,SİVAS
Koyulhisar Mal Müd.,58107,SİVAS
Kangal Mal Müd.,58106,SİVAS
İmranlı Mal Müd.,58105,SİVAS
Hafik Mal Müd.,58104,SİVAS
Gürün Mal Müd.,58103,SİVAS
Divriği Mal Müd.,58101,SİVAS
Ulaş Mal Müd.,58116,SİVAS
Gölova Mal Müd.,58115,SİVAS
Doğanşar Mal Müd.,58114,SİVAS
Altınyayla Mal Müd.,58113,SİVAS
Akıncılar Mal Müd.,58112,SİVAS
Zara Mal Müd.,58111,SİVAS
Yıldızeli Mal Müd.,58110,SİVAS
Saray Mal Müd.,59106,TEKİRDAĞ
Çerkezköy VD.,59261,TEKİRDAĞ
Süleymanpaşa VD.,59201,TEKİRDAĞ
Namık Kemal VD.,59260,TEKİRDAĞ
Şarköy Mal Müd.,59107,TEKİRDAĞ
Marm. Ereğlisi Mal Müd.,59108,TEKİRDAĞ
Malkara VD.,59264,TEKİRDAĞ
Hayrabolu VD.,59263,TEKİRDAĞ
Muratlı VD.,59265,TEKİRDAĞ
Çorlu VD.,59262,TEKİRDAĞ
Pazar Mal Müd.,60108,TOKAT
Yeşilyurt Mal Müd.,60109,TOKAT
Başçiftlik Mal Müd.,60110,TOKAT
Tokat VD.,60260,TOKAT
Erbaa VD.,60261,TOKAT
Niksar VD.,60262,TOKAT
Turhal VD.,60263,TOKAT
Zile VD.,60264,TOKAT
Sulusaray Mal Müd.,60111,TOKAT
Almus Mal Müd.,60101,TOKAT
Artova Mal Müd.,60102,TOKAT
Reşadiye Mal Müd.,60105,TOKAT
Sürmene Mal Müd.,61107,TRABZON
Maçka Mal Müd.,61105,TRABZON
Çaykara Mal Müd.,61104,TRABZON
Arsin Mal Müd.,61103,TRABZON
Araklı Mal Müd.,61102,TRABZON
Hızırbey VD.,61201,TRABZON
Çarşıbaşı Mal Müd.,61113,TRABZON
Dernekpazarı Mal Müd.,61114,TRABZON
Düzköy Mal Müd.,61115,TRABZON
Hayrat Mal Müd.,61116,TRABZON
Köprübaşı Mal Müd.,61117,TRABZON
Karadeniz VD.,61280,TRABZON
Vakfıkebir VD.,61262,TRABZON
Of VD.,61261,TRABZON
Akçaabat VD.,61260,TRABZON
Şalpazarı Mal Müd.,61112,TRABZON
Beşikdüzü Mal Müd.,61111,TRABZON
Yomra Mal Müd.,61110,TRABZON
Tonya Mal Müd.,61108,TRABZON
Çemişgezek Mal Müd.,62101,TUNCELİ
Hozat Mal Müd.,62102,TUNCELİ
Mazgirt Mal Müd.,62103,TUNCELİ
Nazimiye Mal Müd.,62104,TUNCELİ
Ovacık Mal Müd.,62105,TUNCELİ
Pertek Mal Müd.,62106,TUNCELİ
Pülümür Mal Müd.,62107,TUNCELİ
Tunceli VD.,62260,TUNCELİ
Viranşehir VD.,63261,ŞANLIURFA
Siverek VD.,63260,ŞANLIURFA
Şehitlik VD.,63201,ŞANLIURFA
Bozova Mal Müd.,63103,ŞANLIURFA
Akçakale Mal Müd.,63101,ŞANLIURFA
Halfeti Mal Müd.,63104,ŞANLIURFA
Hilvan Mal Müd.,63105,ŞANLIURFA
Suruç Mal Müd.,63107,ŞANLIURFA
Ceylanpınar Mal Müd.,63109,ŞANLIURFA
Harran Mal Müd.,63110,ŞANLIURFA
Topçumeydanı VD.,63280,ŞANLIURFA
Birecik VD.,63262,ŞANLIURFA
Banaz VD.,64261,UŞAK
Uşak VD.,64260,UŞAK
Eşme VD.,64262,UŞAK
Sivaslı Mal Müd.,64105,UŞAK
Çatak Mal Müd.,65102,VAN
Gürpınar Mal Müd.,65105,VAN
Van VD.,65260,VAN
Saray Mal Müd.,65111,VAN
Edremit Mal Müd.,65110,VAN
Çaldıran Mal Müd.,65109,VAN
Bahçesaray Mal Müd.,65108,VAN
Özalp Mal Müd.,65107,VAN
Muradiye Mal Müd.,65106,VAN
Erciş VD.,65201,VAN
Başkale Mal Müd.,65101,VAN
Gevaş Mal Müd.,65104,VAN
Saraykent Mal Müd.,66112,YOZGAT
Kadışehri Mal Müd.,66111,YOZGAT
Çandır Mal Müd.,66110,YOZGAT
Aydıncık Mal Müd.,66109,YOZGAT
Şefaatli Mal Müd.,66106,YOZGAT
Sarıkaya Mal Müd.,66105,YOZGAT
Çekerek Mal Müd.,66104,YOZGAT
Sorgun VD.,66262,YOZGAT
Akdağmadeni Mal Müd.,66101,YOZGAT
Çayıralan Mal Müd.,66103,YOZGAT
Yozgat VD.,66260,YOZGAT
Yerköy VD.,66263,YOZGAT
Boğazlıyan VD.,66261,YOZGAT
Yenifakılı Mal Müd.,66113,YOZGAT
Devrek VD.,67264,ZONGULDAK
Krdz.Ereğli VD.,67261,ZONGULDAK
Uzunmehmet VD.,67201,ZONGULDAK
Gökçebey Mal Müd.,67113,ZONGULDAK
Karaelmas VD.,67280,ZONGULDAK
Çaycuma VD.,67263,ZONGULDAK
Alaplı Mal Müd.,67110,ZONGULDAK
Ortaköy Mal Müd.,68103,AKSARAY
Aksaray VD.,68201,AKSARAY
Ağaçören Mal Müd.,68101,AKSARAY
Güzelyurt Mal Müd.,68102,AKSARAY
Sarıyahşi Mal Müd.,68104,AKSARAY
Eskil Mal Müd.,68105,AKSARAY
Gülağaç Mal Müd.,68106,AKSARAY
Bayburt VD.,69201,BAYBURT
Aydıntepe Mal Müd.,69101,BAYBURT
Demirözü Mal Müd.,69102,BAYBURT
K.Karabekir Mal Müd.,70103,KARAMAN
Karaman VD.,70201,KARAMAN
Ayrancı Mal Müd.,70101,KARAMAN
Ermenek Mal Müd.,70102,KARAMAN
Sarıveliler Mal Müd.,70105,KARAMAN
Başyayla Mal Müd.,70104,KARAMAN
Irmak VD.,71201,KIRIKKALE
Sulakyurt Mal Müd.,71103,KIRIKKALE
Balışeyh Mal Müd.,71105,KIRIKKALE
Çelebi Mal Müd.,71106,KIRIKKALE
Karakeçili Mal Müd.,71107,KIRIKKALE
Delice Mal Müd.,71101,KIRIKKALE
Keskin Mal Müd.,71102,KIRIKKALE
Kaletepe VD.,71202,KIRIKKALE
Gercüş Mal Müd.,72102,BATMAN
Beşiri Mal Müd.,72101,BATMAN
Batman VD.,72260,BATMAN
Sason Mal Müd.,72105,BATMAN
Kozluk Mal Müd.,72104,BATMAN
Hasankeyf Mal Müd.,72103,BATMAN
Cizre VD.,73261,ŞIRNAK
Silopi VD.,73262,ŞIRNAK
Şırnak VD.,73260,ŞIRNAK
Beytüşşebab Mal Müd.,73101,ŞIRNAK
Güçlükonak Mal Müd.,73103,ŞIRNAK
İdil Mal Müd.,73104,ŞIRNAK
Uludere Mal Müd.,73106,ŞIRNAK
Amasra Mal Müd.,74101,BARTIN
Bartın VD.,74260,BARTIN
Ulus Mal Müd.,74103,BARTIN
Kurucaşile Mal Müd.,74102,BARTIN
Ardahan VD.,75201,ARDAHAN
Çıldır Mal Müd.,75101,ARDAHAN
Damal Mal Müd.,75102,ARDAHAN
Göle Mal Müd.,75103,ARDAHAN
Hanak Mal Müd.,75104,ARDAHAN
Posof Mal Müd.,75105,ARDAHAN
Iğdır VD.,76201,IĞDIR
Aralık Mal Müd.,76101,IĞDIR
Karakoyunlu Mal Müd.,76102,IĞDIR
Tuzluca Mal Müd.,76103,IĞDIR
Altınova Mal Müd.,77101,YALOVA
Armutlu Mal Müd.,77102,YALOVA
Yalova VD.,77201,YALOVA
Çınarcık Mal Müd.,77103,YALOVA
Eflani Mal Müd.,78101,KARABÜK
Eskipazar Mal Müd.,78102,KARABÜK
Ovacık Mal Müd.,78103,KARABÜK
Yenice Mal Müd.,78105,KARABÜK
Karabük VD.,78201,KARABÜK
Safranbolu VD.,78260,KARABÜK
Kilis VD.,79201,KİLİS
Osmaniye VD.,80201,OSMANİYE
Sunbas Mal Müd.,80105,OSMANİYE
Hasanbeyli Mal Müd.,80104,OSMANİYE
Düziçi Mal Müd.,80102,OSMANİYE
Kadirli VD.,80260,OSMANİYE
Bahçe Mal Müd.,80101,OSMANİYE
Toprakkale Mal Müd.,80106,OSMANİYE
Gümüşova Mal Müd.,81105,DÜZCE
Gölyaka Mal Müd.,81104,DÜZCE
Çilimli Mal Müd.,81103,DÜZCE
Düzce VD.,81260,DÜZCE
Cumayeri Mal Müd.,81102,DÜZCE
Yığılca Mal Müd.,81107,DÜZCE
Akçakoca VD.,81261,DÜZCE
Kaynaşlı Mal Müd.,81106,DÜZCE
